pos	conj	neg	fml	onum	okuri	euphr	euphk	pos2
1	1	f	f	1	い			
1	1	f	t	1	いです			
1	1	t	f	1	くない			
1	1	t	t	1	くないです			
1	1	t	t	2	くありません			
1	2	f	f	1	かった			
1	2	f	t	1	かったです			
1	2	t	f	1	くなかった			
1	2	t	t	1	くなかったです			
1	2	t	t	2	くありませんでした			
1	3	f	f	1	くて			
1	3	t	f	1	くなくて			
1	4	f	f	1	ければ			
1	4	t	f	1	くなければ			
1	7	f	f	1	くさせる			
1	9	f	f	1	かろう			
1	9	f	t	1	いでしょう			
1	11	f	f	1	かったら			
1	11	t	f	1	くなかったら			
1	12	f	f	1	かったり			
2	1	f	f	1	だ			
2	1	f	t	1	です			
2	1	t	f	1	ではない			
2	1	t	t	1	ではありません			
2	1	t	t	2	ではないです			
2	2	f	f	1	だった			
2	2	f	t	1	でした			
2	2	t	f	1	ではなかった			
2	2	t	t	1	ではありませんでした			
2	3	f	f	1	で			
2	3	f	t	1	でありまして			
2	3	t	f	1	ではなくて			
2	4	f	f	1	なら			
2	4	f	f	2	ならば			
2	4	f	f	3	であれば			
2	9	f	f	1	だろう			
2	9	f	t	1	でしょう			
2	10	f	f	1	であれ			
2	11	f	f	1	だったら			
2	11	f	t	1	でしたら			
2	11	t	f	1	ではなかったら			
2	11	t	t	1	ではありませんでしたら			
2	12	f	f	1	だったり			
7	1	f	f	1	い			
7	1	f	t	1	いです			
7	1	t	f	1	くない	よ		
7	1	t	t	1	くないです	よ		
7	1	t	t	2	くありません	よ		
7	2	f	f	1	かった	よ		
7	2	f	t	1	かったです	よ		
7	2	t	f	1	くなかった	よ		
7	2	t	t	1	くなかったです	よ		
7	2	t	t	2	くありませんでした	よ		
7	3	f	f	1	くて	よ		
7	3	t	f	1	くなくて	よ		
7	4	f	f	1	ければ	よ		
7	4	t	f	1	くなければ	よ		
7	7	f	f	1	くさせる	よ		
7	9	f	f	1	かろう	よ		
7	9	f	t	1	いでしょう			
7	11	f	f	1	かったら	よ		
7	11	t	f	1	くなかったら	よ		
7	12	f	f	1	かったり	よ		
15	1	f	f	1	だ			
15	1	f	t	1	です			
15	1	t	f	1	ではない			
15	1	t	t	1	ではありません			
15	1	t	t	2	ではないです			
15	2	f	f	1	だった			
15	2	f	t	1	でした			
15	2	t	f	1	ではなかった			
15	2	t	t	1	ではありませんでした			
15	3	f	f	1	で			
15	3	f	t	1	でありまして			
15	3	t	f	1	ではなくて			
15	4	f	f	1	なら			
15	4	f	f	2	ならば			
15	4	f	f	3	であれば			
15	9	f	f	1	だろう			
15	9	f	t	1	でしょう			
15	10	f	f	1	であれ			
15	11	f	f	1	だったら			
15	11	f	t	1	でしたら			
15	11	t	f	1	ではなかったら			
15	11	t	t	1	ではありませんでしたら			
15	12	f	f	1	だったり			
17	1	f	f	1	だ			
17	1	f	t	1	です			
17	1	t	f	1	ではない			
17	1	t	t	1	ではありません			
17	1	t	t	2	ではないです			
17	2	f	f	1	だった			
17	2	f	t	1	でした			
17	2	t	f	1	ではなかった			
17	2	t	t	1	ではありませんでした			
17	3	f	f	1	で			
17	3	f	t	1	でありまして			
17	3	t	f	1	ではなくて			
17	4	f	f	1	なら			
17	4	f	f	2	ならば			
17	4	f	f	3	であれば			
17	9	f	f	1	だろう			
17	9	f	t	1	でしょう			
17	10	f	f	1	であれ			
17	11	f	f	1	だったら			
17	11	f	t	1	でしたら			
17	11	t	f	1	ではなかったら			
17	11	t	t	1	ではありませんでしたら			
17	12	f	f	1	だったり			
28	1	f	f	1	る			
28	1	f	t	1	ます			
28	1	t	f	1	ない			
28	1	t	t	1	ました			
28	2	f	f	1	た			
28	2	f	t	1	ました			
28	2	t	f	1	なかった			
28	2	t	t	1	ませんでした			
28	3	f	f	1	て			
28	3	f	t	1	まして			
28	3	t	f	1	なくて			
28	3	t	f	2	ないで			
28	3	t	t	1	ませんで			
28	4	f	f	1	れば			
28	4	f	t	1	ますなら			
28	4	f	t	2	ますならば			
28	4	t	f	1	なければ			
28	4	t	t	1	ませんなら			
28	4	t	t	2	ませんならば			
28	5	f	f	1	られる			
28	5	f	f	2	れる			
28	5	f	t	1	られます			
28	5	f	t	2	れます			
28	5	t	f	1	られない			
28	5	t	f	2	れない			
28	5	t	t	1	られません			
28	5	t	t	2	れません			
28	6	f	f	1	られる			
28	6	f	t	1	られます			
28	6	t	f	1	られない			
28	6	t	t	1	られません			
28	7	f	f	1	させる			
28	7	f	f	2	さす			
28	7	f	t	1	させます			
28	7	f	t	2	さします			
28	7	t	f	1	させない			
28	7	t	f	2	ささない			
28	7	t	t	1	させません			
28	7	t	t	2	さしません			
28	8	f	f	1	させられる			
28	8	f	t	1	させられます			
28	8	t	f	1	させられない			
28	8	t	t	1	させられません			
28	9	f	f	1	よう			
28	9	f	t	1	ましょう			
28	9	t	f	1	まい			
28	9	t	t	1	ますまい			
28	10	f	f	1	ろ			
28	10	f	t	1	なさい			
28	10	t	f	1	るな			
28	10	t	t	1	なさるな			
28	11	f	f	1	たら			
28	11	f	t	1	ましたら			
28	11	t	f	1	なかったら			
28	11	t	t	1	ませんでしたら			
28	12	f	f	1	たり			
28	12	f	t	1	ましたり			
28	12	t	f	1	なかったり			
28	12	t	t	1	ませんでしたり			
28	13	f	f	1	""			
29	1	f	f	1	る			
29	1	f	t	1	ます			
29	1	t	f	1	ない			
29	1	t	t	1	ました			
29	2	f	f	1	た			
29	2	f	t	1	ました			
29	2	t	f	1	なかった			
29	2	t	t	1	ませんでした			
29	3	f	f	1	て			
29	3	f	t	1	まして			
29	3	t	f	1	なくて			
29	3	t	f	2	ないで			
29	3	t	t	1	ませんで			
29	4	f	f	1	れば			
29	4	f	t	1	ますなら			
29	4	f	t	2	ますならば			
29	4	t	f	1	なければ			
29	4	t	t	1	ませんなら			
29	4	t	t	2	ませんならば			
29	5	f	f	1	られる			
29	5	f	f	2	れる			
29	5	f	t	1	られます			
29	5	f	t	2	れます			
29	5	t	f	1	られない			
29	5	t	f	2	れない			
29	5	t	t	1	られません			
29	5	t	t	2	れません			
29	6	f	f	1	られる			
29	6	f	t	1	られます			
29	6	t	f	1	られない			
29	6	t	t	1	られません			
29	7	f	f	1	させる			
29	7	f	f	2	さす			
29	7	f	t	1	させます			
29	7	f	t	2	さします			
29	7	t	f	1	させない			
29	7	t	f	2	ささない			
29	7	t	t	1	させません			
29	7	t	t	2	さしません			
29	8	f	f	1	させられる			
29	8	f	t	1	させられます			
29	8	t	f	1	させられない			
29	8	t	t	1	させられません			
29	9	f	f	1	よう			
29	9	f	t	1	ましょう			
29	9	t	f	1	まい			
29	9	t	t	1	ますまい			
29	10	f	f	1	""			
29	10	f	t	1	なさい			
29	10	t	f	1	るな			
29	10	t	t	1	なさるな			
29	11	f	f	1	たら			
29	11	f	t	1	ましたら			
29	11	t	f	1	なかったら			
29	11	t	t	1	ませんでしたら			
29	12	f	f	1	たり			
29	12	f	t	1	ましたり			
29	12	t	f	1	なかったり			
29	12	t	t	1	ませんでしたり			
29	13	f	f	1	""			
30	1	f	f	1	る			
30	1	f	t	1	います			
30	1	t	f	1	らない			
30	1	t	t	1	いません			
30	2	f	f	1	った			
30	2	f	t	1	いました			
30	2	t	f	1	らなかった			
30	2	t	t	1	いませんでした			
30	3	f	f	1	って			
30	3	f	t	1	いまして			
30	3	t	f	1	らなくて			
30	3	t	f	2	らないで			
30	3	t	t	1	いませんで			
30	4	f	f	1	れば			
30	4	f	t	1	いますなら			
30	4	f	t	2	いますならば			
30	4	t	f	1	らなければ			
30	4	t	t	1	いませんなら			
30	4	t	t	2	いませんならば			
30	5	f	f	1	れる			
30	5	f	t	1	れます			
30	5	t	f	1	れない			
30	5	t	t	1	れません			
30	6	f	f	1	られる			
30	6	f	t	1	られます			
30	6	t	f	1	られない			
30	6	t	t	1	られません			
30	7	f	f	1	らせる			
30	7	f	f	2	らす			
30	7	f	t	1	らせます			
30	7	f	t	2	らします			
30	7	t	f	1	らせない			
30	7	t	f	2	らさない			
30	7	t	t	1	らせません			
30	7	t	t	2	らしません			
30	8	f	f	1	らせられる			
30	8	f	f	2	らされる			
30	8	f	t	1	らせられます			
30	8	f	t	2	らされます			
30	8	t	f	1	らせられない			
30	8	t	f	2	らされない			
30	8	t	t	1	らせられません			
30	8	t	t	2	らされません			
30	9	f	f	1	ろう			
30	9	f	t	1	いましょう			
30	9	t	f	1	るまい			
30	9	t	t	1	いませんまい			
30	10	f	f	1	い			
30	10	f	t	1	いなさい			
30	10	t	f	1	るな			
30	10	t	t	1	いなさるな			
30	11	f	f	1	ったら			
30	11	f	t	1	いましたら			
30	11	t	f	1	らなかったら			
30	11	t	t	1	いませんでしたら			
30	12	f	f	1	ったり			
30	12	f	t	1	いましたり			
30	12	t	f	1	らなかったり			
30	12	t	t	1	いませんでしたり			
30	13	f	f	1	い			
31	1	f	f	1	ぶ			
31	1	f	t	1	びます			
31	1	t	f	1	ばない			
31	1	t	t	1	びません			
31	2	f	f	1	んだ			
31	2	f	t	1	びました			
31	2	t	f	1	ばなかった			
31	2	t	t	1	びませんでした			
31	3	f	f	1	んで			
31	3	f	t	1	びまして			
31	3	t	f	1	ばなくて			
31	3	t	f	2	ばないで			
31	3	t	t	1	びませんで			
31	4	f	f	1	べば			
31	4	f	t	1	びますなら			
31	4	f	t	2	びますならば			
31	4	t	f	1	ばなければ			
31	4	t	t	1	びませんなら			
31	4	t	t	2	びませんならば			
31	5	f	f	1	べる			
31	5	f	t	1	べます			
31	5	t	f	1	べない			
31	5	t	t	1	べません			
31	6	f	f	1	ばれる			
31	6	f	t	1	ばれます			
31	6	t	f	1	ばれない			
31	6	t	t	1	ばれません			
31	7	f	f	1	ばせる			
31	7	f	f	2	ばす			
31	7	f	t	1	ばせます			
31	7	f	t	2	ばします			
31	7	t	f	1	ばせない			
31	7	t	f	2	ばさない			
31	7	t	t	1	ばせません			
31	7	t	t	2	ばしません			
31	8	f	f	1	ばせられる			
31	8	f	f	2	ばされる			
31	8	f	t	1	ばせられます			
31	8	f	t	2	ばされます			
31	8	t	f	1	ばせられない			
31	8	t	f	2	ばされない			
31	8	t	t	1	ばせられません			
31	8	t	t	2	ばされません			
31	9	f	f	1	ぼう			
31	9	f	t	1	びましょう			
31	9	t	f	1	ぶまい			
31	9	t	t	1	びませんまい			
31	10	f	f	1	べ			
31	10	f	t	1	びなさい			
31	10	t	f	1	ぶな			
31	10	t	t	1	びなさるな			
31	11	f	f	1	んだら			
31	11	f	t	1	びましたら			
31	11	t	f	1	ばなかったら			
31	11	t	t	1	びませんでしたら			
31	12	f	f	1	んだり			
31	12	f	t	1	びましたり			
31	12	t	f	1	ばなかったり			
31	12	t	t	1	びませんでしたり			
31	13	f	f	1	び			
32	1	f	f	1	ぐ			
32	1	f	t	1	ぎます			
32	1	t	f	1	がない			
32	1	t	t	1	ぎません			
32	2	f	f	1	いだ			
32	2	f	t	1	ぎました			
32	2	t	f	1	がなかった			
32	2	t	t	1	ぎませんでした			
32	3	f	f	1	いで			
32	3	f	t	1	ぎまして			
32	3	t	f	1	がなくて			
32	3	t	f	2	がないで			
32	3	t	t	1	ぎませんで			
32	4	f	f	1	げば			
32	4	f	t	1	ぎますなら			
32	4	f	t	2	ぎますならば			
32	4	t	f	1	がなければ			
32	4	t	t	1	ぎませんなら			
32	4	t	t	2	ぎませんならば			
32	5	f	f	1	げる			
32	5	f	t	1	げます			
32	5	t	f	1	げない			
32	5	t	t	1	げません			
32	6	f	f	1	がれる			
32	6	f	t	1	がれます			
32	6	t	f	1	がれない			
32	6	t	t	1	がれません			
32	7	f	f	1	がせる			
32	7	f	f	2	がす			
32	7	f	t	1	がせます			
32	7	f	t	2	がします			
32	7	t	f	1	がせない			
32	7	t	f	2	がさない			
32	7	t	t	1	がせません			
32	7	t	t	2	がしません			
32	8	f	f	1	がせられる			
32	8	f	f	2	がされる			
32	8	f	t	1	がせられます			
32	8	f	t	2	がされます			
32	8	t	f	1	がせられない			
32	8	t	f	2	がされない			
32	8	t	t	1	がせられません			
32	8	t	t	2	がされません			
32	9	f	f	1	ごう			
32	9	f	t	1	ぎましょう			
32	9	t	f	1	ぐまい			
32	9	t	t	1	ぎませんまい			
32	10	f	f	1	げ			
32	10	f	t	1	ぎなさい			
32	10	t	f	1	ぐな			
32	10	t	t	1	ぎなさるな			
32	11	f	f	1	いだら			
32	11	f	t	1	ぎましたら			
32	11	t	f	1	がなかったら			
32	11	t	t	1	ぎませんでしたら			
32	12	f	f	1	いだり			
32	12	f	t	1	ぎましたり			
32	12	t	f	1	がなかったり			
32	12	t	t	1	ぎませんでしたり			
32	13	f	f	1	ぎ			
33	1	f	f	1	く			
33	1	f	t	1	きます			
33	1	t	f	1	かない			
33	1	t	t	1	きません			
33	2	f	f	1	いた			
33	2	f	t	1	きました			
33	2	t	f	1	かなかった			
33	2	t	t	1	きませんでした			
33	3	f	f	1	いて			
33	3	f	t	1	きまして			
33	3	t	f	1	かなくて			
33	3	t	f	2	かないで			
33	3	t	t	1	きませんで			
33	4	f	f	1	けば			
33	4	f	t	1	きますなら			
33	4	f	t	2	きますならば			
33	4	t	f	1	かなければ			
33	4	t	t	1	きませんなら			
33	4	t	t	2	きませんならば			
33	5	f	f	1	ける			
33	5	f	t	1	けます			
33	5	t	f	1	けない			
33	5	t	t	1	けません			
33	6	f	f	1	かれる			
33	6	f	t	1	かれます			
33	6	t	f	1	かれない			
33	6	t	t	1	かれません			
33	7	f	f	1	かせる			
33	7	f	f	2	かす			
33	7	f	t	1	かせます			
33	7	f	t	2	かします			
33	7	t	f	1	かせない			
33	7	t	f	2	かさない			
33	7	t	t	1	かせません			
33	7	t	t	2	かしません			
33	8	f	f	1	かせられる			
33	8	f	f	2	かされる			
33	8	f	t	1	かせられます			
33	8	f	t	2	かされます			
33	8	t	f	1	かせられない			
33	8	t	f	2	かされない			
33	8	t	t	1	かせられません			
33	8	t	t	2	かされません			
33	9	f	f	1	こう			
33	9	f	t	1	きましょう			
33	9	t	f	1	くまい			
33	9	t	t	1	きませんまい			
33	10	f	f	1	け			
33	10	f	t	1	きなさい			
33	10	t	f	1	くな			
33	10	t	t	1	きなさるな			
33	11	f	f	1	いたら			
33	11	f	t	1	きましたら			
33	11	t	f	1	かなかったら			
33	11	t	t	1	きませんでしたら			
33	12	f	f	1	いたり			
33	12	f	t	1	きましたり			
33	12	t	f	1	かなかったり			
33	12	t	t	1	きませんでしたり			
33	13	f	f	1	き			
34	1	f	f	1	く			
34	1	f	t	1	きます			
34	1	t	f	1	かない			
34	1	t	t	1	きません			
34	2	f	f	1	った			
34	2	f	t	1	きました			
34	2	t	f	1	かなかった			
34	2	t	t	1	きませんでした			
34	3	f	f	1	って			
34	3	f	t	1	きまして			
34	3	t	f	1	かなくて			
34	3	t	f	2	かないで			
34	3	t	t	1	きませんで			
34	4	f	f	1	けば			
34	4	f	t	1	きますなら			
34	4	f	t	2	きますならば			
34	4	t	f	1	かなければ			
34	4	t	t	1	きませんなら			
34	4	t	t	2	きませんならば			
34	5	f	f	1	ける			
34	5	f	t	1	けます			
34	5	t	f	1	けない			
34	5	t	t	1	けません			
34	6	f	f	1	かれる			
34	6	f	t	1	かれます			
34	6	t	f	1	かれない			
34	6	t	t	1	かれません			
34	7	f	f	1	かせる			
34	7	f	f	2	かす			
34	7	f	t	1	かせます			
34	7	f	t	2	かします			
34	7	t	f	1	かせない			
34	7	t	f	2	かさない			
34	7	t	t	1	かせません			
34	7	t	t	2	かしません			
34	8	f	f	1	かせられる			
34	8	f	f	2	かされる			
34	8	f	t	1	かせられます			
34	8	f	t	2	かされます			
34	8	t	f	1	かせられない			
34	8	t	f	2	かされない			
34	8	t	t	1	かせられません			
34	8	t	t	2	かされません			
34	9	f	f	1	こう			
34	9	f	t	1	きましょう			
34	9	t	f	1	くまい			
34	9	t	t	1	きませんまい			
34	10	f	f	1	け			
34	10	f	t	1	きなさい			
34	10	t	f	1	くな			
34	10	t	t	1	きなさるな			
34	11	f	f	1	ったら			
34	11	f	t	1	きましたら			
34	11	t	f	1	かなかったら			
34	11	t	t	1	きませんでしたら			
34	12	f	f	1	ったり			
34	12	f	t	1	きましたり			
34	12	t	f	1	かなかったり			
34	12	t	t	1	きませんでしたり			
34	13	f	f	1	き			
35	1	f	f	1	む			
35	1	f	t	1	みます			
35	1	t	f	1	まない			
35	1	t	t	1	みません			
35	2	f	f	1	んだ			
35	2	f	t	1	みました			
35	2	t	f	1	まなかった			
35	2	t	t	1	みませんでした			
35	3	f	f	1	んで			
35	3	f	t	1	みまして			
35	3	t	f	1	まなくて			
35	3	t	f	2	まないで			
35	3	t	t	1	みませんで			
35	4	f	f	1	めば			
35	4	f	t	1	みますなら			
35	4	f	t	2	みますならば			
35	4	t	f	1	まなければ			
35	4	t	t	1	みませんなら			
35	4	t	t	2	みませんならば			
35	5	f	f	1	める			
35	5	f	t	1	めます			
35	5	t	f	1	めない			
35	5	t	t	1	めません			
35	6	f	f	1	まれる			
35	6	f	t	1	まれます			
35	6	t	f	1	まれない			
35	6	t	t	1	まれません			
35	7	f	f	1	ませる			
35	7	f	f	2	ます			
35	7	f	t	1	ませます			
35	7	f	t	2	まします			
35	7	t	f	1	ませない			
35	7	t	f	2	まさない			
35	7	t	t	1	ませません			
35	7	t	t	2	ましません			
35	8	f	f	1	ませられる			
35	8	f	f	2	まされる			
35	8	f	t	1	ませられます			
35	8	f	t	2	まされます			
35	8	t	f	1	ませられない			
35	8	t	f	2	まされない			
35	8	t	t	1	ませられません			
35	8	t	t	2	まされません			
35	9	f	f	1	もう			
35	9	f	t	1	みましょう			
35	9	t	f	1	むまい			
35	9	t	t	1	みませんまい			
35	10	f	f	1	め			
35	10	f	t	1	みなさい			
35	10	t	f	1	むな			
35	10	t	t	1	みなさるな			
35	11	f	f	1	んだら			
35	11	f	t	1	みましたら			
35	11	t	f	1	まなかったら			
35	11	t	t	1	みませんでしたら			
35	12	f	f	1	んだり			
35	12	f	t	1	みましたり			
35	12	t	f	1	まなかったり			
35	12	t	t	1	みませんでしたり			
35	13	f	f	1	み			
36	1	f	f	1	ぬ			
36	1	f	t	1	にます			
36	1	t	f	1	なない			
36	1	t	t	1	にません			
36	2	f	f	1	んだ			
36	2	f	t	1	にました			
36	2	t	f	1	ななかった			
36	2	t	t	1	にませんでした			
36	3	f	f	1	んで			
36	3	f	t	1	にまして			
36	3	t	f	1	ななくて			
36	3	t	f	2	なないで			
36	3	t	t	1	にませんで			
36	4	f	f	1	ねば			
36	4	f	t	1	にますなら			
36	4	f	t	2	にますならば			
36	4	t	f	1	ななければ			
36	4	t	t	1	にませんなら			
36	4	t	t	2	にませんならば			
36	5	f	f	1	ねる			
36	5	f	t	1	ねます			
36	5	t	f	1	ねない			
36	5	t	t	1	ねません			
36	6	f	f	1	なれる			
36	6	f	t	1	なれます			
36	6	t	f	1	なれない			
36	6	t	t	1	なれません			
36	7	f	f	1	なせる			
36	7	f	f	2	なす			
36	7	f	t	1	なせます			
36	7	f	t	2	なします			
36	7	t	f	1	なせない			
36	7	t	f	2	なさない			
36	7	t	t	1	なせません			
36	7	t	t	2	なしません			
36	8	f	f	1	なせられる			
36	8	f	f	2	なされる			
36	8	f	t	1	なせられます			
36	8	f	t	2	なされます			
36	8	t	f	1	なせられない			
36	8	t	f	2	なされない			
36	8	t	t	1	なせられません			
36	8	t	t	2	なされません			
36	9	f	f	1	のう			
36	9	f	t	1	にましょう			
36	9	t	f	1	ぬまい			
36	9	t	t	1	にませんまい			
36	10	f	f	1	ね			
36	10	f	t	1	になさい			
36	10	t	f	1	ぬな			
36	10	t	t	1	になさるな			
36	11	f	f	1	んだら			
36	11	f	t	1	にましたら			
36	11	t	f	1	ななかったら			
36	11	t	t	1	にませんでしたら			
36	12	f	f	1	んだり			
36	12	f	t	1	にましたり			
36	12	t	f	1	ななかったり			
36	12	t	t	1	にませんでしたり			
36	13	f	f	1	に			
37	1	f	f	1	る			
37	1	f	t	1	ります			
37	1	t	f	1	らない			
37	1	t	t	1	りません			
37	2	f	f	1	った			
37	2	f	t	1	りました			
37	2	t	f	1	らなかった			
37	2	t	t	1	りませんでした			
37	3	f	f	1	って			
37	3	f	t	1	りまして			
37	3	t	f	1	らなくて			
37	3	t	f	2	らないで			
37	3	t	t	1	りませんで			
37	4	f	f	1	れば			
37	4	f	t	1	りますなら			
37	4	f	t	2	りますならば			
37	4	t	f	1	らなければ			
37	4	t	t	1	りませんなら			
37	4	t	t	2	りませんならば			
37	5	f	f	1	れる			
37	5	f	t	1	れます			
37	5	t	f	1	れない			
37	5	t	t	1	れません			
37	6	f	f	1	られる			
37	6	f	t	1	られます			
37	6	t	f	1	られない			
37	6	t	t	1	られません			
37	7	f	f	1	らせる			
37	7	f	f	2	らす			
37	7	f	t	1	らせます			
37	7	f	t	2	らします			
37	7	t	f	1	らせない			
37	7	t	f	2	らさない			
37	7	t	t	1	らせません			
37	7	t	t	2	らしません			
37	8	f	f	1	らせられる			
37	8	f	f	2	らされる			
37	8	f	t	1	らせられます			
37	8	f	t	2	らされます			
37	8	t	f	1	らせられない			
37	8	t	f	2	らされない			
37	8	t	t	1	らせられません			
37	8	t	t	2	らされません			
37	9	f	f	1	ろう			
37	9	f	t	1	りましょう			
37	9	t	f	1	るまい			
37	9	t	t	1	りませんまい			
37	10	f	f	1	れ			
37	10	f	t	1	りなさい			
37	10	t	f	1	るな			
37	10	t	t	1	りなさるな			
37	11	f	f	1	ったら			
37	11	f	t	1	りましたら			
37	11	t	f	1	らなかったら			
37	11	t	t	1	りませんでしたら			
37	12	f	f	1	ったり			
37	12	f	t	1	りましたり			
37	12	t	f	1	らなかったり			
37	12	t	t	1	りませんでしたり			
37	13	f	f	1	り			
38	1	f	f	1	ある			
38	1	f	t	1	あります			
38	1	t	f	1	ない			
38	1	t	t	1	ありません			
38	2	f	f	1	あった			
38	2	f	t	1	ありました			
38	2	t	f	1	なかった			
38	2	t	t	1	ありませんでした			
38	3	f	f	1	あって			
38	3	f	t	1	ありまして			
38	3	t	f	1	なくて			
38	3	t	f	2	ないで			
38	3	t	t	1	ありませんで			
38	4	f	f	1	あれば			
38	4	f	t	1	ありますなら			
38	4	f	t	2	ありますならば			
38	4	t	f	1	なければ			
38	4	t	t	1	ありませんなら			
38	4	t	t	2	ありませんならば			
38	5	f	f	1	あれる			
38	5	f	t	1	あれます			
38	5	t	f	1	あれない			
38	5	t	t	1	あれません			
38	6	f	f	1	あられる			
38	6	f	t	1	あられます			
38	6	t	f	1	あられない			
38	6	t	t	1	あられません			
38	7	f	f	1	あらせる			
38	7	f	f	2	あらす			
38	7	f	t	1	あらせます			
38	7	f	t	2	あらします			
38	7	t	f	1	あらせない			
38	7	t	f	2	あらさない			
38	7	t	t	1	あらせません			
38	7	t	t	2	あらしません			
38	8	f	f	1	あらせられる			
38	8	f	f	2	あらされる			
38	8	f	t	1	あらせられます			
38	8	f	t	2	あらされます			
38	8	t	f	1	あらせられない			
38	8	t	f	2	あらされない			
38	8	t	t	1	あらせられません			
38	8	t	t	2	あらされません			
38	9	f	f	1	あろう			
38	9	f	t	1	ありましょう			
38	9	t	f	1	あるまい			
38	9	t	t	1	ありませんまい			
38	10	f	f	1	あれ			
38	10	f	t	1	ありなさい			
38	10	t	f	1	あるな			
38	10	t	t	1	ありなさるな			
38	11	f	f	1	あったら			
38	11	f	t	1	ありましたら			
38	11	t	f	1	なかったら			
38	11	t	t	1	ありませんでしたら			
38	12	f	f	1	あったり			
38	12	f	t	1	ありましたり			
38	12	t	f	1	なかったり			
38	12	t	t	1	ありませんでしたり			
38	13	f	f	1	あり			
39	1	f	f	1	す			
39	1	f	t	1	します			
39	1	t	f	1	さない			
39	1	t	t	1	しません			
39	2	f	f	1	した			
39	2	f	t	1	しました			
39	2	t	f	1	さなかった			
39	2	t	t	1	しませんでした			
39	3	f	f	1	して			
39	3	f	t	1	しまして			
39	3	t	f	1	さなくて			
39	3	t	f	2	さないで			
39	3	t	t	1	しませんで			
39	4	f	f	1	せば			
39	4	f	t	1	しますなら			
39	4	f	t	2	しますならば			
39	4	t	f	1	さなければ			
39	4	t	t	1	しませんなら			
39	4	t	t	2	しませんならば			
39	5	f	f	1	せる			
39	5	f	t	1	せます			
39	5	t	f	1	せない			
39	5	t	t	1	せません			
39	6	f	f	1	される			
39	6	f	t	1	されます			
39	6	t	f	1	されない			
39	6	t	t	1	されません			
39	7	f	f	1	させる			
39	7	f	f	2	さる			
39	7	f	t	1	させます			
39	7	f	t	2	さします			
39	7	t	f	1	させない			
39	7	t	f	2	ささない			
39	7	t	t	1	させません			
39	7	t	t	2	さしません			
39	8	f	f	1	させられる			
39	8	f	t	1	させられます			
39	8	t	f	1	させられない			
39	8	t	t	1	させられません			
39	9	f	f	1	そう			
39	9	f	t	1	しましょう			
39	9	t	f	1	すまい			
39	9	t	t	1	しませんまい			
39	10	f	f	1	せ			
39	10	f	t	1	しなさい			
39	10	t	f	1	すな			
39	10	t	t	1	しなさるな			
39	11	f	f	1	したら			
39	11	f	t	1	しましたら			
39	11	t	f	1	さなかったら			
39	11	t	t	1	しませんでしたら			
39	12	f	f	1	したり			
39	12	f	t	1	しましたり			
39	12	t	f	1	さなかったり			
39	12	t	t	1	しませんでしたり			
39	13	f	f	1	し			
40	1	f	f	1	つ			
40	1	f	t	1	ちます			
40	1	t	f	1	たない			
40	1	t	t	1	ちません			
40	2	f	f	1	った			
40	2	f	t	1	ちました			
40	2	t	f	1	たなかった			
40	2	t	t	1	ちませんでした			
40	3	f	f	1	って			
40	3	f	t	1	ちまして			
40	3	t	f	1	たなくて			
40	3	t	f	2	たないで			
40	3	t	t	1	ちませんで			
40	4	f	f	1	てば			
40	4	f	t	1	ちますなら			
40	4	f	t	2	ちますならば			
40	4	t	f	1	たなければ			
40	4	t	t	1	ちませんなら			
40	4	t	t	2	ちませんならば			
40	5	f	f	1	てる			
40	5	f	t	1	てます			
40	5	t	f	1	てない			
40	5	t	t	1	てません			
40	6	f	f	1	たれる			
40	6	f	t	1	たれます			
40	6	t	f	1	たれない			
40	6	t	t	1	たれません			
40	7	f	f	1	たせる			
40	7	f	f	2	たす			
40	7	f	t	1	たせます			
40	7	f	t	2	たします			
40	7	t	f	1	たせない			
40	7	t	f	2	たさない			
40	7	t	t	1	たせません			
40	7	t	t	2	たしません			
40	8	f	f	1	たせられる			
40	8	f	f	2	たされる			
40	8	f	t	1	たせられます			
40	8	f	t	2	たされます			
40	8	t	f	1	たせられない			
40	8	t	f	2	たされない			
40	8	t	t	1	たせられません			
40	8	t	t	2	たされません			
40	9	f	f	1	とう			
40	9	f	t	1	ちましょう			
40	9	t	f	1	つまい			
40	9	t	t	1	ちませんまい			
40	10	f	f	1	て			
40	10	f	t	1	ちなさい			
40	10	t	f	1	つな			
40	10	t	t	1	ちなさるな			
40	11	f	f	1	ったら			
40	11	f	t	1	ちまったら			
40	11	t	f	1	たなかったら			
40	11	t	t	1	ちませんでしたら			
40	12	f	f	1	ったり			
40	12	f	t	1	ちましたり			
40	12	t	f	1	たなかったり			
40	12	t	t	1	ちませんでしたり			
40	13	f	f	1	ち			
41	1	f	f	1	う			
41	1	f	t	1	います			
41	1	t	f	1	わない			
41	1	t	t	1	いません			
41	2	f	f	1	った			
41	2	f	t	1	いました			
41	2	t	f	1	わなかった			
41	2	t	t	1	いませんでした			
41	3	f	f	1	って			
41	3	f	t	1	いまして			
41	3	t	f	1	わなくて			
41	3	t	f	2	わないで			
41	3	t	t	1	いませんで			
41	4	f	f	1	えば			
41	4	f	t	1	いますなら			
41	4	f	t	2	いますならば			
41	4	t	f	1	わなければ			
41	4	t	t	1	いませんなら			
41	4	t	t	2	いませんならば			
41	5	f	f	1	える			
41	5	f	t	1	えます			
41	5	t	f	1	えない			
41	5	t	t	1	えません			
41	6	f	f	1	われる			
41	6	f	t	1	われます			
41	6	t	f	1	われない			
41	6	t	t	1	われません			
41	7	f	f	1	わせる			
41	7	f	f	2	わす			
41	7	f	t	1	わせます			
41	7	f	t	2	わします			
41	7	t	f	1	わせない			
41	7	t	f	2	わさない			
41	7	t	t	1	わせません			
41	7	t	t	2	わしません			
41	8	f	f	1	わせられる			
41	8	f	f	2	わされる			
41	8	f	t	1	わせられます			
41	8	f	t	2	わされます			
41	8	t	f	1	わせられない			
41	8	t	f	2	わされない			
41	8	t	t	1	わせられません			
41	8	t	t	2	わされません			
41	9	f	f	1	おう			
41	9	f	t	1	いましょう			
41	9	t	f	1	うまい			
41	9	t	t	1	いませんまい			
41	10	f	f	1	え			
41	10	f	t	1	いなさい			
41	10	t	f	1	うな			
41	10	t	t	1	いなさるな			
41	11	f	f	1	ったら			
41	11	f	t	1	いましたら			
41	11	t	f	1	わかったら			
41	11	t	t	1	いませんでしたら			
41	12	f	f	1	ったり			
41	12	f	t	1	いましたり			
41	12	t	f	1	わなかったり			
41	12	t	t	1	いませんでしたり			
41	13	f	f	1	い			
42	1	f	f	1	う			
42	1	f	t	1	います			
42	1	t	f	1	わない			
42	1	t	t	1	いません			
42	2	f	f	1	うた			
42	2	f	t	1	いました			
42	2	t	f	1	わなかった			
42	2	t	t	1	いませんでした			
42	3	f	f	1	うて			
42	3	f	t	1	いまして			
42	3	t	f	1	わなくて			
42	3	t	f	2	わないで			
42	3	t	t	1	いませんで			
42	4	f	f	1	えば			
42	4	f	t	1	いますなら			
42	4	f	t	2	いますならば			
42	4	t	f	1	わなければ			
42	4	t	t	1	いませんなら			
42	4	t	t	2	いませんならば			
42	5	f	f	1	える			
42	5	f	t	1	えます			
42	5	t	f	1	えない			
42	5	t	t	1	えません			
42	6	f	f	1	われる			
42	6	f	t	1	われます			
42	6	t	f	1	われない			
42	6	t	t	1	われません			
42	7	f	f	1	わせる			
42	7	f	f	2	わす			
42	7	f	t	1	わせます			
42	7	f	t	2	わします			
42	7	t	f	1	わせない			
42	7	t	f	2	わさない			
42	7	t	t	1	わせません			
42	7	t	t	2	わしません			
42	8	f	f	1	わせられる			
42	8	f	f	2	わされる			
42	8	f	t	1	わせられます			
42	8	f	t	2	わされます			
42	8	t	f	1	わせられない			
42	8	t	f	2	わされない			
42	8	t	t	1	わせられません			
42	8	t	t	2	わされません			
42	9	f	f	1	おう			
42	9	f	t	1	いましょう			
42	9	t	f	1	うまい			
42	9	t	t	1	いませんまい			
42	10	f	f	1	え			
42	10	f	t	1	いなさい			
42	10	t	f	1	うな			
42	10	t	t	1	いなさるな			
42	11	f	f	1	うたら			
42	11	f	t	1	いましたら			
42	11	t	f	1	わなかったら			
42	11	t	t	1	いませんでしたら			
42	12	f	f	1	うたり			
42	12	f	t	1	いましたり			
42	12	t	f	1	わなかったり			
42	12	t	t	1	いませんでしたり			
42	13	f	f	1	い			
45	1	f	f	1	る	く		
45	1	f	t	1	ます	き		
45	1	t	f	1	ない	こ		
45	1	t	t	1	ません	き		
45	2	f	f	1	た	き		
45	2	f	t	1	ました	き		
45	2	t	f	1	なかった	こ		
45	2	t	t	1	ませんでした	き		
45	3	f	f	1	て	き		
45	3	f	t	1	まして	き		
45	3	t	f	1	なくて	こ		
45	3	t	f	2	ないで	こ		
45	3	t	t	1	ませんで	き		
45	4	f	f	1	れば	く		
45	4	f	t	1	ますなら	き		
45	4	f	t	2	ますならば	き		
45	4	t	f	1	なければ	こ		
45	4	t	t	1	ませんなら	き		
45	4	t	t	2	ませんならば	き		
45	5	f	f	1	られる	こ		
45	5	f	f	2	れる	こ		
45	5	f	t	1	られます	こ		
45	5	f	t	2	れます	こ		
45	5	t	f	1	られない	こ		
45	5	t	f	2	れない	こ		
45	5	t	t	1	られません	こ		
45	5	t	t	2	れません	こ		
45	6	f	f	1	られる	こ		
45	6	f	t	1	られます	こ		
45	6	t	f	1	られない	こ		
45	6	t	t	1	られません	こ		
45	7	f	f	1	させる	こ		
45	7	f	f	2	さす	こ		
45	7	f	t	1	させます	こ		
45	7	f	t	2	さします	こ		
45	7	t	f	1	させない	こ		
45	7	t	f	2	ささない	こ		
45	7	t	t	1	させません	こ		
45	7	t	t	2	さしません	こ		
45	8	f	f	1	させられる	こ		
45	8	f	t	1	させられます	こ		
45	8	t	f	1	させられない	こ		
45	8	t	t	1	させられません	こ		
45	9	f	f	1	よう	こ		
45	9	f	t	1	ましょう	き		
45	9	t	f	1	まい	こ		
45	9	t	t	1	ますまい	き		
45	10	f	f	1	い	こ		
45	10	f	t	1	なさい	こ		
45	10	t	f	1	るな	く		
45	10	t	t	1	なさるな	こ		
45	11	f	f	1	たら	き		
45	11	f	t	1	ましたら	き		
45	11	t	f	1	なかったら	こ		
45	11	t	t	1	ませんでしたら	き		
45	12	f	f	1	たり	き		
45	12	f	t	1	ましたり	き		
45	12	t	f	1	なかったり	こ		
45	12	t	t	1	ませんでしたり	き		
45	13	f	f	1	""	き		
46	1	f	f	1	する			
46	1	f	t	1	します			
46	1	t	f	1	しない			
46	1	t	t	1	しません			
46	2	f	f	1	した			
46	2	f	t	1	しました			
46	2	t	f	1	しなかった			
46	2	t	t	1	しませんでした			
46	3	f	f	1	して			
46	3	f	t	1	しまして			
46	3	t	f	1	しなくて			
46	3	t	f	2	しないで			
46	3	t	t	1	しませんで			
46	4	f	f	1	すれば			
46	4	f	t	1	しますなら			
46	4	f	t	2	しますなれば			
46	4	t	f	1	しなければ			
46	4	t	t	1	しませんなら			
46	4	t	t	2	しませんならば			
46	5	f	f	1	のことができる			
46	5	f	t	1	のことができます			
46	5	t	f	1	のことができない			
46	5	t	t	1	のことができません			
46	6	f	f	1	されない			
46	6	f	t	1	されます			
46	6	t	f	1	されない			
46	6	t	t	1	されません			
46	7	f	f	1	させる			
46	7	f	f	2	さす			
46	7	f	t	1	させます			
46	7	f	t	2	さします			
46	7	t	f	1	させない			
46	7	t	f	2	ささない			
46	7	t	t	1	させません			
46	7	t	t	2	さしません			
46	8	f	f	1	させられる			
46	8	f	t	1	させられます			
46	8	t	f	1	させられない			
46	8	t	t	1	させられません			
46	9	f	f	1	しよう			
46	9	f	t	1	しましょう			
46	9	t	f	1	するまい			
46	9	t	t	1	しますまい			
46	10	f	f	1	しろ			
46	10	f	f	2	せよ			
46	10	f	t	1	しなさい			
46	10	t	f	1	するな			
46	10	t	t	1	しなさるな			
46	11	f	f	1	したら			
46	11	f	t	1	しましたら			
46	11	t	f	1	しなかったら			
46	11	t	t	1	しませんでしたら			
46	12	f	f	1	したり			
46	12	f	t	1	しましたり			
46	12	t	f	1	しなかったり			
46	12	t	t	1	しませんでしたり			
46	13	f	f	1	し			
47	1	f	f	1	る	す		
47	1	f	t	1	ます	し		
47	1	t	f	1	ない	し		
47	1	t	t	1	ません	し		
47	2	f	f	1	た	し		
47	2	f	t	1	ました	し		
47	2	t	f	1	なかった	し		
47	2	t	t	1	ませんでした	し		
47	3	f	f	1	て	し		
47	3	f	t	1	まして	し		
47	3	t	f	1	なくて	し		
47	3	t	f	2	ないで	し		
47	3	t	t	1	ませんで	し		
47	4	f	f	1	れば	す		
47	4	f	t	1	ますなら	し		
47	4	f	t	2	ますなれば	し		
47	4	t	f	1	なければ	し		
47	4	t	t	1	ませんなら	し		
47	4	t	t	2	ませんならば	し		
47	5	f	f	1	る	でき	出来	
47	5	f	t	1	ます	でき	出来	
47	5	t	f	1	ない	でき	出来	
47	5	t	t	1	ません	でき	出来	
47	6	f	f	1	れる	さ		
47	6	f	t	1	れます	さ		
47	6	t	f	1	れない	さ		
47	6	t	t	1	れません	さ		
47	7	f	f	1	せる	さ		
47	7	f	f	2	す	さ		
47	7	f	t	1	せます	さ		
47	7	f	t	2	します	さ		
47	7	t	f	1	せない	さ		
47	7	t	f	2	さない	さ		
47	7	t	t	1	せません	さ		
47	7	t	t	2	しません	さ		
47	8	f	f	1	せられる	さ		
47	8	f	t	1	せられます	さ		
47	8	t	f	1	せられない	さ		
47	8	t	t	1	せられません	さ		
47	9	f	f	1	よう	し		
47	9	f	t	1	ましょう	し		
47	9	t	f	1	るまい	す		
47	9	t	t	1	ますまい	し		
47	10	f	f	1	ろ	し		
47	10	f	f	2	よ	せ		
47	10	f	t	1	なさい	し		
47	10	t	f	1	るな	す		
47	10	t	t	1	なさるな	し		
47	11	f	f	1	たら	し		
47	11	f	t	1	ましたら	し		
47	11	t	f	1	なかったら	し		
47	11	t	t	1	ませんでしたら	し		
47	12	f	f	1	たり	し		
47	12	f	t	1	ましたり	し		
47	12	t	f	1	なかったり	し		
47	12	t	t	1	ませんでしたり	し		
47	13	f	f	1	""	し		
48	1	f	f	1	る	す		
48	1	f	t	1	ます	し		
48	1	t	f	1	ない	し		
48	1	t	t	1	ません	し		
48	2	f	f	1	た	し		
48	2	f	t	1	ました	し		
48	2	t	f	1	なかった	し		
48	2	t	t	1	ませんでした	し		
48	3	f	f	1	て	し		
48	3	f	t	1	まして	し		
48	3	t	f	1	なくて	し		
48	3	t	f	2	ないで	し		
48	3	t	t	1	ませんで	し		
48	4	f	f	1	れば	す		
48	4	f	t	1	ますなら	し		
48	4	f	t	2	ますなれば	し		
48	4	t	f	1	なければ	し		
48	4	t	t	1	ませんなら	し		
48	4	t	t	2	ませんならば	し		
48	5	f	f	1	る	でき	出来	
48	5	f	t	1	ます	でき	出来	
48	5	t	f	1	ない	でき	出来	
48	5	t	t	1	ません	でき	出来	
48	6	f	f	1	れる	さ		
48	6	f	t	1	れます	さ		
48	6	t	f	1	れない	さ		
48	6	t	t	1	れません	さ		
48	7	f	f	1	せる	さ		
48	7	f	f	2	す	さ		
48	7	f	t	1	せます	さ		
48	7	f	t	2	します	さ		
48	7	t	f	1	せない	さ		
48	7	t	f	2	さない	さ		
48	7	t	t	1	せません	さ		
48	7	t	t	2	しません	さ		
48	8	f	f	1	せられる	さ		
48	8	f	t	1	せられます	さ		
48	8	t	f	1	せられない	さ		
48	8	t	t	1	せられません	さ		
48	9	f	f	1	よう	し		
48	9	f	t	1	ましょう	し		
48	9	t	f	1	るまい	す		
48	9	t	t	1	ますまい	し		
48	10	f	f	1	ろ	し		
48	10	f	f	2	よ	せ		
48	10	f	t	1	なさい	し		
48	10	t	f	1	るな	す		
48	10	t	t	1	なさるな	し		
48	11	f	f	1	たら	し		
48	11	f	t	1	ましたら	し		
48	11	t	f	1	なかったら	し		
48	11	t	t	1	ませんでしたら	し		
48	12	f	f	1	たり	し		
48	12	f	t	1	ましたり	し		
48	12	t	f	1	なかったり	し		
48	12	t	t	1	ませんでしたり	し		
48	13	f	f	1	""	し		
